name,sku,unit,price,currency,category,discountable,description,active,section,imageUrl,sort_group,sort_order
Paquete Futbolero · 50 Personas,T-001,dia,21200,MXN,Paquete de temporada,True,"Incluye: 1 consola análoga de 10 CH, 1 laptop para música, 1 micrófono alámbrico, 1 sistema de audio Lucas Performer 2.1, 1 centro de carga, 1 pantalla de LED de 3 x 2 metros, 1 procesador de LED, 1 tarjeta de LED, 1 base de pantalla, 1 laptop, 1 suscripción de streaming y 1 distribuidor de señal. Nota: No incluye energía eléctrica, personal, fletes, transporte ni viáticos.",True,todos,https://medioangular.com/cotizador/img/PAQUETEFUTBOLERO.png,5,10
Paquete Futbolero · 100 Personas,T-002,dia,41700,MXN,Paquete de temporada,True,"Incluye: 1 consola análoga de 10 CH, 1 laptop para música, 1 micrófono alámbrico, 2 bocinas d&b T10, 2 bocinas d&b Q-SUB, 2 amplificadores d&b D12, 1 centro de carga, 1 pantalla de LED de 5 x 3 metros, 1 procesador de LED, 1 tarjeta de LED, 1 base de pantalla, 1 laptop, 1 suscripción de streaming y 1 distribuidor de señal. Nota: No incluye energía eléctrica, personal, fletes, transporte ni viáticos.",True,todos,https://medioangular.com/cotizador/img/PAQUETEFUTBOLERO.png,5,20
Paquete Futbolero · 200 Personas,T-003,dia,55600,MXN,Paquete de temporada,True,"Incluye: 1 consola, 1 laptop para música, 1 micrófono alámbrico, 6 bocinas d&b T10, 4 bocinas d&b Q-SUB, 2 amplificadores d&b D12, 1 centro de carga, 2 pantallas de LED de 4 x 2.5 metros, 1 procesador de LED, 2 tarjetas de LED, 2 bases de pantalla, 1 laptop, 1 suscripción de streaming y 1 distribuidor de señal.Nota: No incluye energía eléctrica, personal, fletes, transporte ni viáticos.",True,todos,https://medioangular.com/cotizador/img/PAQUETEFUTBOLERO.png,5,30
Sistema de Audio para DJ · 100 Personas,A-025,dia,5800,MXN,Paquete de audio,True,"Sistema de audio d&b  incluye 2 Top puntual , 2 Sub, 2 Amplificadores, Consola 10 ch",True,social,https://medioangular.com/cotizador/img/DJ100PAX.jpeg,10,10
Sistema de Audio para DJ · 200 Personas,A-026,dia,7600,MXN,Paquete de audio,True,"Sistema de audio d&b incluye 2 Top puntual , 4 Sub, 2 Amplificadores, Consola 10 ch",True,social,https://medioangular.com/cotizador/img/DJ200PAX.jpeg,10,20
Sistema de Audio para DJ · 300 Personas,A-027,dia,10400,MXN,Paquete de audio,True,"Sistema de audio d&b  incluye 2 Top puntual , 4 Sub, 2 Outfill  3 Amplificadores, Consola 10 ch",True,social,https://medioangular.com/cotizador/img/DJ300PAX.jpeg,10,30
Sistema de Audio para DJ · 400 Personas,A-028,dia,11000,MXN,Paquete de audio,True,"Sistema de audio d&b incluye 6 Top lineal, 4 Sub, 3 Amplificadores, Consola 10 ch",True,social,https://medioangular.com/cotizador/img/DJ400PAX.jpeg,10,40
Sistema de Audio para DJ · 500 Personas,A-029,dia,12200,MXN,Paquete de audio,True,"Sistema de audio d&b incluye 4 Top lineal, 6 Sub, 3 Amplificadores, Consola 10 ch",True,social,https://medioangular.com/cotizador/img/DJ500PAX.jpeg,10,50
Sistema de Audio · 100 Personas,A-030,dia,5400,MXN,Paquete de audio,True,"Sistema de audio d&b incluye 2 Top puntual , 2 Sub, 2 Amplificadores",True,corporativo,https://medioangular.com/cotizador/img/CORP100PAX.jpeg,10,60
Sistema de Audio · 200 Personas,A-031,dia,7200,MXN,Paquete de audio,True,"Sistema de audio d&b incluye 2 Top puntual , 4 Sub, 2 Amplificadores",True,corporativo,https://medioangular.com/cotizador/img/CORP200PAX.jpeg,10,70
Sistema de Audio · 300 Personas,A-032,dia,10600,MXN,Paquete de audio,True,"Sistema de audio d&b incluye 6 Top lineal, 4 Sub, 2 Amplificadores",True,corporativo,https://medioangular.com/cotizador/img/CORP300PAX.jpeg,10,80
Sistema de Audio · 400 Personas,A-033,dia,13400,MXN,Paquete de audio,True,"Sistema de audio d&b  incluye 6 Top lineal, 4 Sub, 2 frontfill , 3 Amplificadores",True,corporativo,https://medioangular.com/cotizador/img/CORP400PAX.jpeg,10,90
Sistema de Audio · 500 Personas,A-034,dia,18800,MXN,Paquete de audio,True,"Sistema de audio d&b incluye 6 Top lineal, 6 Sub, 2 frontfill , 2 delay , 5 Amplificadores",True,corporativo,https://medioangular.com/cotizador/img/CORP500PAX.jpeg,10,100
Sistema de Audio · 800 Personas,A-035,dia,22600,MXN,Paquete de audio,True,"Sistema de audio d&b incluye 12 Top lineal, 6 Sub, 2 frontfill , 5 Amplificadores",True,corporativo,https://medioangular.com/cotizador/img/CORP800PAX.jpeg,10,110
"Sistema de Audio · 1,000 Personas",A-036,dia,30600,MXN,Paquete de audio,True,"Sistema de audio d&b incluye 12 Top lineal, 12 Sub, 2 frontfill , 8 Amplificadores",True,corporativo,https://medioangular.com/cotizador/img/CORP1000PAX.jpeg,10,120
Sistema de Audio Delay · 100 Personas,A-037,dia,2800,MXN,Paquete de audio,True,"Sistema de audio d&b incluye 2 Top , 1 Amplificador",True,corporativo,https://medioangular.com/cotizador/img/DELAY100PAX.jpeg,10,130
Sistema de Audio Delay Perimetral,A-038,dia,3000,MXN,Paquete de audio,True,"Sistema de audio d&b incluye 4 Top , 1 Amplificador",True,todos,https://medioangular.com/cotizador/img/PERIMETRAL.jpeg,10,140
Sistema de Audio 2.1 HK Nano 300,A-039,dia,1500,MXN,Paquete de audio,True,"Incluye 2 altavoces de fuente puntual, 1 subwoofer y una consola de tres canales integrada en el subwoofer.",True,todos,https://medioangular.com/cotizador/img/nano300.jpeg,10,150
Sistema de Audio 2.1 HK Performer,A-040,dia,2500,MXN,Paquete de audio,True,"Sistema de sonido activo ""triphonic"" (un subwoofer y dos satélites).",True,todos,https://medioangular.com/cotizador/img/performer.jpeg,10,160
Pantalla LED Interior Absen Polaris 2.9 mm · 3 x 2 m,V-003,dia,12500,MXN,Paquete de video,True,"Incluye 6 metros cuadrados de pantalla LED de 2.9 mm, una tarjeta de envío (LED sender card) y un procesador de video.",True,todos,https://medioangular.com/cotizador/img/PL2.9.jpeg,20,10
Pantalla LED Interior Absen DVPlus 3.9 mm · 3 x 2 m,V-004,dia,10750,MXN,Paquete de video,True,"Incluye 6 metros cuadrados de pantalla LED de 3.9 mm, una tarjeta de envío y un procesador de video.",True,todos,https://medioangular.com/cotizador/img/DV3.9.jpeg,20,20
Pantalla LED Interior Absen Polaris 2.9 mm · 3.5 x 2 m,V-005,dia,14350,MXN,Paquete de video,True,"Incluye 7 metros cuadrados de pantalla LED de 2.9 mm, una tarjeta de envío y un procesador de video.",True,todos,https://medioangular.com/cotizador/img/PL2.9.jpeg,20,30
Pantalla LED Interior Absen DVPlus 3.9 mm · 3.5 x 2 m,V-006,dia,12250,MXN,Paquete de video,True,"Incluye 7 metros cuadrados de pantalla LED de 3.9 mm, una tarjeta de envío y un procesador de video.",True,todos,https://medioangular.com/cotizador/img/DV3.9.jpeg,20,40
Pantalla LED Interior Absen Polaris 2.9 mm · 4 x 2.5 m,V-007,dia,19750,MXN,Paquete de video,True,"Incluye 10 metros cuadrados de pantalla LED de 2.9 mm, una tarjeta de envío y un procesador de video.",True,todos,https://medioangular.com/cotizador/img/PL2.9.jpeg,20,50
Pantalla LED Interior Absen DVPlus 3.9 mm · 4 x 2.5 m,V-008,dia,16750,MXN,Paquete de video,True,"Incluye 10 metros cuadrados de pantalla LED de 3.9 mm, una tarjeta de envío y un procesador de video.",True,todos,https://medioangular.com/cotizador/img/DV3.9.jpeg,20,60
Pantalla LED Interior Absen Polaris 2.9 mm · 5 x 3 m,V-009,dia,28750,MXN,Paquete de video,True,"Incluye 15 metros cuadrados de pantalla LED de 2.9 mm, una tarjeta de envío y un procesador de video.",True,todos,https://medioangular.com/cotizador/img/PL2.9.jpeg,20,70
Pantalla LED Interior Absen DVPlus 3.9 mm · 5 x 3 m,V-010,dia,24250,MXN,Paquete de video,True,"Incluye 15 metros cuadrados de pantalla LED de 3.9 mm, una tarjeta de envío y un procesador de video.",True,todos,https://medioangular.com/cotizador/img/DV3.9.jpeg,20,80
Sistema de Cámaras para CCTV,V-042,dia,10500,MXN,Paquete de video,True,1 Switcher y 2 cámaras de video,True,corporativo,https://medioangular.com/cotizador/img/CCTV.jpeg,20,90
Paquete de Iluminación Pro DJ #1,I-017,dia,11500,MXN,Paquete de iluminación,True,"2 truss, 4 cabezas móviles Beam, 4 cabezas móviles Wash, máquina de humo y consola.",True,social,https://medioangular.com/cotizador/img/PAQUETESOCIAL1.jpeg,30,10
Paquete de Iluminación Pro DJ #2,I-018,dia,12300,MXN,Paquete de iluminación,True,"2 truss, 4 cabezas móviles Spot, 4 cabezas móviles Wash, máquina de humo y consola.",True,social,https://medioangular.com/cotizador/img/PAQUETESOCIAL2.jpeg,30,20
Paquete de Iluminación Pro DJ #3,I-019,dia,22500,MXN,Paquete de iluminación,True,"4 truss, 4 cabezas móviles Spot, 4 cabezas móviles Beam, 8 cabezas móviles Wash, máquina de humo y consola.",True,social,https://medioangular.com/cotizador/img/PAQUETESOCIAL3.jpeg,30,30
Paquete de Iluminación Corporativa #1,I-020,dia,12700,MXN,Paquete de iluminación,True,"2 truss, 4 cabezas móviles Beam, 4 cabezas móviles Wash, 2 Leeko y consola.",True,corporativo,https://medioangular.com/cotizador/img/PAQUETECORP1.jpeg,30,40
Paquete de Iluminación Corporativa #2,I-021,dia,13500,MXN,Paquete de iluminación,True,"2 truss, 4 cabezas móviles Spot, 4 cabezas móviles Wash, 2 Leeko y consola.",True,corporativo,https://medioangular.com/cotizador/img/PAQUETECORP2.jpeg,30,50
Paquete de Iluminación Corporativa #3,I-022,dia,22700,MXN,Paquete de iluminación,True,"4 truss, 4 cabezas móviles Spot, 4 cabezas móviles Beam, 8 cabezas móviles Wash, 2 Leko y consola.",True,corporativo,https://medioangular.com/cotizador/img/PAQUETECORP3.jpeg,30,60
Paquete de Iluminación Corporativa #4,I-023,dia,21900,MXN,Paquete de iluminación,True,"4 truss, 8 cabezas móviles Beam, 8 cabezas móviles Wash, 2 Leko y consola.",True,corporativo,https://medioangular.com/cotizador/img/PAQUETECORP4.jpeg,30,70
Paquete de Iluminación Corporativa #5,I-024,dia,23500,MXN,Paquete de iluminación,True,"4 truss, 8 cabezas móviles Spot, 8 cabezas móviles Wash, 2 Leko y consola.",True,corporativo,https://medioangular.com/cotizador/img/PAQUETECORP5.jpeg,30,80
Paquete de Iluminación Arquitectónica,I-025,dia,3500,MXN,Paquete de iluminación,True,10 PAR LED.,True,todos,https://medioangular.com/cotizador/img/10par.jpeg,30,90
Consola Digital AVID Venue S3L-X 16x8,A-001,dia,4000,MXN,Audio,True,"Consola de mezcla digital compacta, ideal para eventos en vivo de pequeña y mediana escala. Cuenta con 16 entradas analógicas XLR (mic/line) y 8 salidas analógicas XLR (line).",True,todos,https://medioangular.com/cotizador/img/consolas3l.jpeg,40,10
Stage Rack AVID Venue 16x8,A-002,dia,2000,MXN,Audio,True,Snake digital para expansión de la consola S3L X. Cuenta con 16 entradas XLR (mic/line) y 8 salidas XLR (line).,True,todos,https://medioangular.com/cotizador/img/stage16.jpeg,40,20
Snake Rapco 24 Canales,A-003,dia,500,MXN,Audio,True,Sanke analogo 24 entradas y 4 salidas,True,corporativo,https://medioangular.com/cotizador/img/snakeanalogo.jpeg,40,30
Consola Digital Yamaha DM3 Dante,A-004,dia,2000,MXN,Audio,True,Consola de mezcla digital compacta con 16 entradas (12 XLR + 4 XLR/TRS combo) y 8 salidas (XLR). Capacidad Dante de 16x16 y una interfaz USB 2.0 (Tipo B) para grabación y reproducción de 18 pistas en PC/Mac.,True,todos,https://medioangular.com/cotizador/img/consoladm3.jpeg,40,40
Consola de Audio Allen & Heath ZEDi-10,A-005,dia,400,MXN,Audio,True,"Consola de mezcla analógica compacta con 4 entradas mono (micrófono/line) y 2 estéreo. Cuenta con 2 salidas principales XLR balanceadas, salidas de monitor, auriculares y grabación. La interfaz de audio integrada es de 4x4 a 24-bit/96kHz, lo que permite la grabación y reproducción multicanal.",True,todos,https://medioangular.com/cotizador/img/consolazedi10.jpeg,40,50
Consola de Audio Allen & Heath ZEDi-8,A-006,dia,350,MXN,Audio,True,"Consola de mezcla analógica compacta con 2 entradas mono (micrófono/line) y 2 estéreo. Incluye 2 salidas principales XLR balanceadas y una interfaz de audio de 2x2 a 24-bit/96kHz, lo que permite la grabación y reproducción multicanal.",True,todos,https://medioangular.com/cotizador/img/consolazedi8.jpeg,40,60
Amplificador d&b audiotechnik D12,A-007,dia,1000,MXN,Audio,True,"Amplificador de potencia de dos canales diseñado para su uso en sistemas de audio profesional con potencia media a alta, con 2 x 750 W a 8 Ω y 2 x 1200 W a 4 Ω",True,corporativo,https://medioangular.com/cotizador/img/d12.jpeg,40,70
Amplificador d&b audiotechnik D6,A-008,dia,900,MXN,Audio,True,"Amplificador de potencia de dos canales diseñado para su uso en sistemas de audio profesional con potencia media a alta, con 2 x 750 W a 8 Ω y 2 x 1200 W a 4 Ω",True,corporativo,https://medioangular.com/cotizador/img/d6.jpeg,40,80
Controlador de Red d&b audiotechnik R60,A-009,dia,500,MXN,Audio,True,Interfaz de red que conecta el sistema de amplificadores y altavoces de d&b a una computadora,True,corporativo,https://medioangular.com/cotizador/img/r60.jpeg,40,90
Altavoz d&b Q1,A-010,dia,1000,MXN,Audio,True,Altavoz de arreglo en line pasivo de 2 vías de la serie Q de d&b audiotechnik. Cuenta con una dispersión de 75°x15° y un SPL de 139 dB.,True,corporativo,https://medioangular.com/cotizador/img/q1.jpeg,40,100
Altavoz d&b Q7,A-011,dia,1000,MXN,Audio,True,Altavoz de arreglo en lineal pasivo de 2 vías de la serie Q de d&b audiotechnik. Cuenta con una dispersión de 75°x40° y un SPL de 138 dB.,True,corporativo,https://medioangular.com/cotizador/img/q7.jpeg,40,110
Subwoofer d&b QSUB,A-012,dia,800,MXN,Audio,True,Subwoofer pasivo de baja compresión y diseño bass reflex con un SPL 133 dB.,True,corporativo,https://medioangular.com/cotizador/img/qsub.jpeg,40,120
Altavoz d&b T10,A-013,dia,900,MXN,Audio,True,Altavoz pasivo de 2 vías que puede funcionar como fuente de arreglo lineal o como fuente puntual. Cuenta con una dispersión de 90° x 35° y un SPL de 129 dB.,True,corporativo,https://medioangular.com/cotizador/img/t10.jpeg,40,130
Altavoz d&b CI80,A-014,dia,500,MXN,Audio,True,Altavoz de fuente puntual pasivo de 2 vías. Cuenta con una dispersión cónica y simétrica de 85° y un SPL de 129 dB.,True,corporativo,https://medioangular.com/cotizador/img/ci80.jpeg,40,140
Monitor d&b M4,A-015,dia,1000,MXN,Audio,True,Monitor de escenario de alto rendimiento pasivo de 2 vías con diseño coaxial. Cuenta con una dispersión de 50° x 70° y un SPL de 140 dB.,True,corporativo,https://medioangular.com/cotizador/img/m4.jpeg,40,150
Bumper para d&b Q1,A-016,dia,400,MXN,Audio,True,Accesorio de colgado para la serie Q,True,corporativo,https://medioangular.com/cotizador/img/bumperq.jpeg,40,160
Bumper para d&b T10,A-017,dia,400,MXN,Audio,True,Accesorio de colgado para la serie T,True,corporativo,https://medioangular.com/cotizador/img/bumpert10.jpeg,40,170
T Cluster Bracket,A-018,dia,200,MXN,Audio,True,Accesorio para colocar 3 x T10 sobre poste/clamp.,True,corporativo,https://medioangular.com/cotizador/img/tclusterbracket.jpeg,40,180
Q Bracket,A-019,dia,150,MXN,Audio,True,Accesorio para colocar 1 x Q7 sobre poste/clamp.,True,corporativo,https://medioangular.com/cotizador/img/Qbracket.jpeg,40,190
T Bracket,A-020,dia,100,MXN,Audio,True,Accesorio para colocar 1 x T10 sobre poste/clamp.,True,corporativo,https://medioangular.com/cotizador/img/tbracket.jpeg,40,200
Adaptador para Stand,A-021,dia,50,MXN,Audio,True,Accesorio para colocar brackets de cualquier serie  sobre poste.,True,corporativo,https://medioangular.com/cotizador/img/standadapter.jpeg,40,210
TV Spigot,A-022,dia,50,MXN,Audio,True,Accesorio para conectar brackets de cualquier serie  a clamp.,True,corporativo,https://medioangular.com/cotizador/img/tvspigot2.jpeg,40,220
Clamp d&b,A-023,dia,100,MXN,Audio,True,Accesorio para colgar brackets de cualquier serie  a tubo.,True,corporativo,https://medioangular.com/cotizador/img/clamp.jpeg,40,230
Q Flying Adapter,A-024,dia,200,MXN,Audio,True,Accesorio para colgar 3 x Q1.,True,corporativo,https://medioangular.com/cotizador/img/flyingadapter.jpeg,40,240
Micrófono Inalámbrico Beyerdynamic TG1000,A-041,dia,1000,MXN,Audio,True,Micrófono inalámbrico digital de alta gama  incluye transmisor de mano  y receptor,True,corporativo,https://medioangular.com/cotizador/img/beyertg.jpeg,40,250
Micrófono Shure Beta 98D/S,A-042,dia,350,MXN,Audio,True,"Micrófono de condensador en miniatura, diseñado específicamente para la microfonía de percusión y otros instrumentos",True,corporativo,https://medioangular.com/cotizador/img/beta98ds.jpeg,40,260
Micrófono Shure Beta 98H/C,A-043,dia,350,MXN,Audio,True,"Micrófono de condensador en miniatura,  ""Clip on"" de la serie Beta diseñado para instrumentos",True,corporativo,https://medioangular.com/cotizador/img/beta98hc.jpeg,40,270
Micrófono Shure Beta 52A,A-044,dia,300,MXN,Audio,True,"Micrófono de instrumento dinámico supercardioide, diseñado para capturar bajas frecuencias con gran detalle. Es ideal para bombos y otros instrumentos de baja frecuencia.",True,corporativo,https://medioangular.com/cotizador/img/beta52.jpeg,40,280
Micrófono Shure Beta 57A,A-045,dia,250,MXN,Audio,True,"Micrófono de instrumento dinámico supercardioide, utilizado para amplificadores de guitarra, caja de batería, percusión, metales y voces.",True,corporativo,https://medioangular.com/cotizador/img/beta57.jpeg,40,290
Micrófono Shure Beta 58A,A-046,dia,250,MXN,Audio,True,Micrófono ideal para vocalistas principales y coristas en escenarios en vivo.,True,corporativo,https://medioangular.com/cotizador/img/beta58.jpeg,40,300
Micrófono Shure Beta 91A,A-047,dia,300,MXN,Audio,True,"Micrófono de condensador de superficie  con patrón polar de semicardioide, diseñado específicamente para la microfonía de bombos y pianos.",True,corporativo,https://medioangular.com/cotizador/img/bata91a.jpeg,40,310
Micrófono Sennheiser e815-S,A-048,dia,250,MXN,Audio,True,"Sennheiser e 815 S es un Micrófono de mano dinámico, cardioide, diseñado para voces y uso general en escenarios en vivo.",True,corporativo,https://medioangular.com/cotizador/img/e815.jpeg,40,320
Micrófono Shure SM137-LC,A-049,dia,250,MXN,Audio,True,"Micrófono de condensador de diafragma pequeño, utilizado para instrumentos de cuerda acústicos, platillos, overheads de batería, percusión, pianos, metales y maderas.",True,corporativo,https://medioangular.com/cotizador/img/sm137.jpeg,40,330
Bodypack Beyerdynamic TG 1000,A-050,dia,250,MXN,Audio,True,"Transmisor de petaca de la serie TG, usado para micrófonos de solapa, de diadema o para conectar instrumentos.",True,corporativo,https://medioangular.com/cotizador/img/bodypack.jpeg,40,340
Diadema DPA d:fine 4088,A-051,dia,500,MXN,Audio,True,"Micrófono de diadema de condensador con un patrón polar cardioide, diseñado para capturar la voz con una claridad excepcional mientras minimiza el riesgo de retroalimentación.",True,corporativo,https://medioangular.com/cotizador/img/diademadpa.jpeg,40,350
Caja Directa,A-052,dia,50,MXN,Audio,True,,True,corporativo,https://medioangular.com/cotizador/img/CAJADIRECTA.jpeg,40,360
Pantalla LED Interior Absen Polaris 2.9 mm · m²,V-001,dia,1800,MXN,Video,True,"Pantalla LED de alta resolución pitch 2.9mm , diseñada para la industria del alquiler y producción de eventos",True,corporativo,https://medioangular.com/cotizador/img/PL2.9.jpeg,50,10
Pantalla LED Interior Absen DVPlus 3.9 mm · m²,V-002,dia,1500,MXN,Video,True,"Pantalla LED muy versátil y resistente pitch 3.9mm,  ofrece una alta calidad de imagen y una gran fiabilidad en una variedad de condiciones de iluminación y entorno",True,corporativo,https://medioangular.com/cotizador/img/DV3.9.jpeg,50,20
Pantalla LED Exterior Transparente Gloshine Vanish 3.9 mm · m²,V-045,dia,1800,MXN,Video,True,"Pantalla LED transparente para eventos masivos y corporativos. Su diseño ultraligero y alta tasa de refresco aseguran imágenes nítidas bajo cualquier iluminación. Ofrece una transparencia del 60% que permite el paso del viento y luz, siendo ideal para escenarios con efectos visuales complejos y montajes de alta seguridad.",True,corporativo,https://medioangular.com/cotizador/img/PANTALLAGLOSHINE.jpeg,50,25
Procesador LED Magnimage W4000 8K,V-011,dia,3000,MXN,Video,True,"Procesador de video premium para pantallas de gran formato en corporativos y masivos. Soporta entradas/salidas 8K x 2K a 60Hz. Permite hasta 4 capas de video (PIP/Pop), mezcla matricial fluida, desvanecimiento cruzado y empalme preciso (Pixel-to-Pixel). Ideal para setups complejos de pantallas LED.",True,todos,https://medioangular.com/cotizador/img/W4000.jpeg,50,30
Procesador LED Magnimage 780H 4K,V-012,dia,2000,MXN,Video,True,"Procesador de video de alta gama para pantallas de led Ultra-HD en corporativos y pasarelas. Soporta entradas/salidas reales a 4K x 2K @60Hz. Permite gestionar hasta 4 capas independientes (PIP), transiciones fluidas sin parpadeo y configuraciones de pantallas múltiples. Ideal para una definición impecable.",True,todos,https://medioangular.com/cotizador/img/780H.jpeg,50,40
Procesador LED Magnimage 550-D HD,V-013,dia,1000,MXN,Video,True,"Procesador  de video compacto y confiable, ideal para pantallas de resolución estándar en conferencias y activaciones. Soporta entradas digitales/análogas en Alta Definición (HD). Ofrece conmutación rápida entre fuentes, funciones de congelado y desvanecimiento suave.",True,todos,https://medioangular.com/cotizador/img/550D.jpeg,50,50
Controlador LED Novastar MCTRL660,V-014,dia,750,MXN,Video,True,"Controlador maestro de video para pantallas LED con resolución Full HD 1920 x 1080 @60Hz. Transmite datos de forma rápida y estable a través de 4 puertos Gigabit Ethernet. Cuenta con configuración en cascada y calibración de brillo pixel-por-pixel. Fiable, intuitivo y de rápida instalación",True,todos,https://medioangular.com/cotizador/img/mtcrl660.jpeg,50,60
Bumper para Pantalla LED 2.9 mm · 50 cm,V-015,dia,150,MXN,Video,True,,True,corporativo,https://medioangular.com/cotizador/img/bumperabsen.jpeg,50,70
Bumper para Pantalla LED 3.9 mm · 50 cm,V-016,dia,150,MXN,Video,True,,True,corporativo,https://medioangular.com/cotizador/img/bumperabsen.jpeg,50,80
Escalera para Pantalla LED · 1 m,V-017,dia,100,MXN,Video,True,,False,corporativo,,50,90
Escalera para Pantalla LED · 1.5 m,V-018,dia,150,MXN,Video,True,,False,corporativo,,50,100
Escalera para Pantalla LED · 2 m,V-019,dia,200,MXN,Video,True,,False,corporativo,,50,110
Servidor de Mapping y Contenido,V-020,dia,7000,MXN,Video,True,"Servidor Torre, Asus Maximus XIII, Intel Core I9, 32 GB RAM,  Tarjeta Nvidia RTX 3080 Ti, SSD 1 Tb, licencia de Resolume Arena",True,corporativo,https://medioangular.com/cotizador/img/SERVER.jpeg,50,120
Switcher de Video Roland V-800HD,V-021,dia,4500,MXN,Video,True,"Switcher de video multiformato. (SDI,DVI,HDMI,COMPUESTO,RGB)",True,corporativo,https://medioangular.com/cotizador/img/V800HD.jpeg,50,130
Switcher de Video Magnimage V6,V-022,dia,25000,MXN,Video,True,"Switcher multicapa de gran formato para pantallas LED y circuito cerrado. Su arquitectura modular basada en tarjetas procesa múltiples capas 4K independientes de forma simultánea. Cuenta con un potente motor de escalado, fuentes de alimentación redundantes y transiciones seamless sin costuras, garantizando mínima latencia.",True,corporativo,https://medioangular.com/cotizador/img/V6.jpeg,50,140
Switcher de Video Pixelhue P20,V-023,dia,10000,MXN,Video,True,"Switcher multicapa 4K para eventos masivos y corporativos. Procesa 12 entradas 4K simultáneas (HDMI, DP, 12G-SDI) con procesamiento basado en FPGA de 10 bits. Admite hasta 4 capas 4K, salidas PGM/Backup y conectividad óptica directa a procesadores NovaStar, garantizando señal sin latencia a pantallas LED.",True,corporativo,https://medioangular.com/cotizador/img/P20.jpeg,50,145
Laptop para Presentaciones,V-024,dia,1000,MXN,Video,True,,True,corporativo,https://medioangular.com/cotizador/img/LAPTOP.jpeg,50,150
"Laptop MacBook Pro 15"" Late 2014",V-025,dia,1000,MXN,Video,True,,False,corporativo,,50,160
Sistema de Playback Profesional,V-026,dia,1000,MXN,Video,True,,True,corporativo,https://medioangular.com/cotizador/img/playback.jpeg,50,170
Perfect Cue,V-027,dia,700,MXN,Video,True,"Sistema inalámbrico profesional de cueing para conferencias. Controla diapositivas en dos computadoras en espejo vía USB con un alcance de 90 metros libre de interferencias. El control incluye botones de avance, retroceso, pantalla en negro y láser verde",True,corporativo,https://medioangular.com/cotizador/img/PERFECTCUE.jpeg,50,180
Perfect Cue Mini,V-028,dia,700,MXN,Video,True,"Sistema de cueing inalámbrico ultra compacto de nivel corporativo. Controla presentaciones en dos computadoras en espejo vía USB a una distancia de 90 metros libre de interferencias. Incluye control de dos botones (avance/retroceso), receptor con soporte plegable, salida de audio y estuche rígido de alta resistencia.",True,corporativo,https://medioangular.com/cotizador/img/PERFECTCUEMINI.jpeg,50,190
Pantalla Fast Fold 2 x 2 m,V-029,dia,1000,MXN,Video,True,,True,corporativo,https://medioangular.com/cotizador/img/PLANTALLADALITE.jpeg,50,200
Pantalla Fast Fold 3.05 x 2.29 m Back/Front,V-030,dia,1200,MXN,Video,True,,True,corporativo,https://medioangular.com/cotizador/img/PLANTALLADALITE.jpeg,50,210
"Proyector Ultra Corto · 3,500 Lúmenes",V-031,dia,1900,MXN,Video,True,,True,corporativo,https://medioangular.com/cotizador/img/PROYECTOR3500.jpeg,50,220
"Proyector Panasonic · 6,000 Lúmenes",V-032,dia,3750,MXN,Video,True,,True,corporativo,https://medioangular.com/cotizador/img/PANASONIC6000.jpeg,50,230
"Pantalla LCD Panasonic 42""",V-033,dia,1200,MXN,Video,True,,True,corporativo,https://medioangular.com/cotizador/img/PLASMA42.jpeg,50,240
"Pantalla LCD Samsung 55""",V-034,dia,1300,MXN,Video,True,,True,corporativo,https://medioangular.com/cotizador/img/PLASMA55.jpeg,50,250
"Pantalla LCD Samsung 58""",V-035,dia,1500,MXN,Video,True,,True,corporativo,https://medioangular.com/cotizador/img/PLASMA58.jpeg,50,260
"Pantalla LCD Hisense UHD 70""",V-036,dia,2500,MXN,Video,True,,True,corporativo,https://medioangular.com/cotizador/img/PLASMA70.jpeg,50,270
Convertidor SDI a HDMI Blackmagic,V-037,dia,350,MXN,Video,True,,True,corporativo,https://medioangular.com/cotizador/img/SDIAHDMI.jpeg,50,280
Distribuidor HDMI 4 Puertos,V-038,dia,350,MXN,Video,True,,True,corporativo,https://medioangular.com/cotizador/img/distrohdmi.jpeg,50,290
Distribuidor SDI 4 Puertos,V-039,dia,350,MXN,Video,True,,True,corporativo,https://medioangular.com/cotizador/img/distrosdi.jpeg,50,300
Extensor HDMI,V-040,dia,350,MXN,Video,True,,True,corporativo,https://medioangular.com/cotizador/img/EXTENDERHDMI.jpeg,50,310
Cámara Sony PXW-Z150 para CCTV,V-041,dia,3000,MXN,Video,True,"Videocámara de mano profesional con sensor de una pulgada y resolución 4K nativa, diseñada para transmisiones en vivo, cobertura de prensa (ENG), circuitos cerrados de televisión (CCTV) en eventos corporativos y registros documentales. Su fortaleza principal es su lente zoom óptico integrado de alto alcance y su capacidad para operar en condiciones de iluminación complejas sin requerir setups voluminosos.",True,corporativo,https://medioangular.com/cotizador/img/CAMARATV.jpeg,50,320
"Video Assist Blackmagic 7"" 3G",V-046,dia,1200,MXN,Video,True,"Monitor portátil, grabador profesional y visor para todo tipo de cámaras SDI o HDMI.",True,corporativo,https://medioangular.com/cotizador/img/videoassist.jpeg,50,330
Cable de Red · 80 m,V-043,dia,150,MXN,Video,True,,False,corporativo,,50,340
Cable de Red · 60 m,V-044,dia,150,MXN,Video,True,,False,corporativo,,50,350
Tarjeta de Audio Presonus 24C,S-001,dia,800,MXN,Streaming,True,Tarjeta de captura de audio con 2 entradas de micrófono/instrumento/línea XLR y 2 salidas principales TRS de 1/4. Aplicaciones grabación y streaming,True,corporativo,https://medioangular.com/cotizador/img/presonus24.jpeg,55,10
Switcher de Video ATEM Mini Pro,S-002,dia,1500,MXN,Streaming,True,"Switcher compacto, diseñado para simplificar la producción multicámara para streaming en vivo. 4 entradas HDMI, salida HDMI, usb (webcam)",True,corporativo,https://medioangular.com/cotizador/img/ATEMMINI.jpeg,55,20
Tarjeta de Captura Blackmagic Web Presenter,S-003,dia,800,MXN,Streaming,True,Tarjeta de captura de video y audio diseñada para simplificar la transmisión de video en vivo a través de Internet.,True,corporativo,https://medioangular.com/cotizador/img/webpresenter.jpeg,55,30
Servidor para Streaming Profesional,S-004,dia,7000,MXN,Streaming,True,"Servidor Torre, Asus Maximus XIII, Intel Core I9, 32 GB RAM,  Tarjeta Nvidia RTX 3080 Ti, SSD 1 Tb, Licencia de Wirecast",True,corporativo,https://medioangular.com/cotizador/img/SERVERSTREAMING.jpeg,55,40
Consola de Iluminación MA onPC Wing,I-028,dia,3500,MXN,Iluminación,True,"Superficie de control profesional ultracompacta que replica la lógica y botonera de las consolas MA Lighting. Libera parámetros en tiempo real para operar iluminación masiva y pixel mapping con estabilidad industrial. Conectada vía USB, es el estándar global en giras y corporativos para setups portátiles o respaldo.",True,todos,https://medioangular.com/cotizador/img/MAONPCWING.jpeg,60,5
Consola de Iluminación ChamSys MQ60,I-001,dia,2500,MXN,Iluminación,True,"Consola compacta de iluminación que controla hasta 12 universos DMX nativos vía Art-Net/sACN. Su interfaz táctil y 10 faders ofrecen un control profesional estable para giras y corporativos. Cuenta con batería UPS interna que evita apagones de señal, garantizando la continuidad del show ante fallas eléctricas.",True,todos,https://medioangular.com/cotizador/img/mq60.jpeg,60,10
Controlador de Iluminación ChamSys MagicQ Laptop,I-002,dia,1500,MXN,Iluminación,True,"Interfaz ultra portátil que habilita un universo DMX 512 canales desde una PC/Mac. Se conecta vía USB y emite señal directa a luminarias, ideal para eventos pequeños, respaldos de emergencia o preprogramación de shows (previz) sin requerir consolas de gran formato, manteniendo estabilidad de software profesional.",True,todos,https://medioangular.com/cotizador/img/magicQ.jpeg,60,20
Lámpara Astra Bi-Color,I-003,dia,1875,MXN,Iluminación,True,"Lámpara de LED de alta calidad, utilizada en producciones de cine, televisión y fotografía, permite ajustar la temperatura del color para que coincida con la luz ambiental, de 5600K a 3200K.",True,todos,https://medioangular.com/cotizador/img/ASTRA.jpeg,60,30
Splitter DMX Chauvet DataStream 4,I-004,dia,500,MXN,Iluminación,True,"Splitter y amplificador de señal DMX-512 de montaje en rack, diseñado para la distribución e integridad de datos en sistemas de iluminación a gran escala 1 x 4. Su función crítica en el ecosistema técnico es purificar la señal, evitar el retraso (lag) en las luminarias robóticas y proteger la consola de control contra descargas eléctricas mediante aislamiento óptico.",True,todos,https://medioangular.com/cotizador/img/SPLITTER.jpeg,60,40
Cabeza Móvil Beam Robe Pointe,I-005,dia,1000,MXN,Iluminación,True,"luminaria móvil de descarga que destaca por su versatilidad, ya que puede funcionar como un proyector de tipo Beam, Spot y Wash",True,todos,https://medioangular.com/cotizador/img/robepointe.jpeg,60,50
Cabeza Móvil Spot Chauvet Maverick MK2,I-006,dia,1200,MXN,Iluminación,True,"Luminaria de cabeza móvil tipo spot de alta potencia, reconocida por su versatilidad y brillo, gracias a su motor LED.",True,todos,https://medioangular.com/cotizador/img/mk2spot.jpeg,60,60
Cabeza Móvil Wash Robe LED Wash 300,I-007,dia,900,MXN,Iluminación,True,"Luminaria de cabeza móvil tipo wash Led de alta eficiencia energética, conocida por su increíble capacidad para bañar con color grandes áreas de escenarios y sets.",True,todos,https://medioangular.com/cotizador/img/robewash.jpeg,60,70
Cabeza Móvil Wash Chauvet Rogue R2,I-008,dia,900,MXN,Iluminación,True,"Luminaria de cabeza móvil tipo wash Led,muy popular por su potente salida de luz y su excepcional capacidad de mezcla de color.",True,todos,https://medioangular.com/cotizador/img/r2wash.jpeg,60,80
Chauvet CUEPIX WW4,I-009,dia,600,MXN,Iluminación,True,"Luminaria de cabeza móvil tipo wash diseñada específicamente para producir una luz blanca cálida de alta calidad, ideal para crear una iluminación de escenario con un aspecto vintage y cálido,su enfoque principal es la pureza y uniformidad del blanco.",True,todos,https://medioangular.com/cotizador/img/cuepixww4.jpeg,60,90
Leko LED Light Sky 8800-C42,I-010,dia,500,MXN,Iluminación,True,"Luminaria LED tipo profile elipsoidal RGBW,diseñado para crear un haz de luz preciso, enfocado y con bordes definidos.",True,todos,https://medioangular.com/cotizador/img/leekoled.jpeg,60,100
Leko ETC 575,I-011,dia,350,MXN,Iluminación,True,"Luminaria elipsoidal de perfil de descarga de alta calidad que ofrece precisión y calidad de haz de luz en un formato compacto y ligero, requiere de dimmer.",True,todos,https://medioangular.com/cotizador/img/leekojr.jpeg,60,110
PAR ETC 575,I-012,dia,250,MXN,Iluminación,True,Luminaria profesional de lámpara de descarga que revolucionó el diseño de los tradicionales focos PAR; ofrece un rendimiento superior y una versatilidad sin precedentes.,True,todos,https://medioangular.com/cotizador/img/paretc.jpeg,60,120
Seguidor,I-013,dia,2000,MXN,Iluminación,True,,True,todos,https://medioangular.com/cotizador/img/seguidor.jpeg,60,130
PAR LED Colorado Quad Zoom Tour,I-014,dia,350,MXN,Iluminación,True,"Luminaria RGBW de tipo PAR LED de alta potencia, diseñado para el uso profesional en escenarios, teatros, eventos en vivo y producciones televisivas.",True,todos,https://medioangular.com/cotizador/img/parled.jpeg,60,140
Barra LED Colordash Batten Quad 12,I-015,dia,400,MXN,Iluminación,True,"Barra de luz LED ideal para iluminar paredes o telones, cicloramas y como luz de efecto en eventos, teatros y estudios.",True,todos,https://medioangular.com/cotizador/img/barraled.jpeg,60,150
Máquina de Humo Antari F1,I-016,dia,800,MXN,Iluminación,True,"Máquina de humo / hazer de alta gama diseñada para aplicaciones profesionales donde se requiere una dispersión de niebla constante, fina y homogénea. A diferencia de las máquinas de humo convencionales que lanzan ráfagas densas, este equipo genera una atmósfera ideal para resaltar haces de luz (robóticas y láseres) sin opacar el escenario ni activar sensores de humo por acumulación súbita.",True,todos,https://medioangular.com/cotizador/img/maquinahumo.jpeg,60,160
Estrobo Elation Proton 3K,I-027,dia,600,MXN,Iluminación,True,"Estrobo profesional con 202 LEDs CREE™ de 3W (80,000 lm) y apertura de 120°. Consumo máx. de 900W con dos modos de potencia (HIGH/LOW) y 2 ventiladores silenciosos aptos para teatro/TV. Incluye macros nativas (burst, pulse) y conectividad 3/5pin DMX, garantizando impacto visual seguro y versátil.",True,todos,https://medioangular.com/cotizador/img/PROTON3K.jpeg,60,95
Comunicación Bidireccional HME DX200,C-001,dia,2500,MXN,Comunicación,True,Sistema de intercomunicación de 4 diademas inalábricas full duplex y 1 en la base.,True,corporativo,https://medioangular.com/cotizador/img/hme.jpeg,65,10
Comunicación Bidireccional Hollyland C1 Pro,C-002,dia,3500,MXN,Comunicación,True,Sistema de intercomunicación inalámbrica full-duplex. 8 diademas inalámbricas y 1 en la base.,True,corporativo,https://medioangular.com/cotizador/img/hollyland.jpeg,65,20
Comunicación Bidireccional Clear-Com MS704,C-003,dia,2000,MXN,Comunicación,True,"Estación principal de intercomunicación alámbrica de 4 canales, incluye 5 diademas",True,corporativo,https://medioangular.com/cotizador/img/clearcom.jpeg,65,30
Radios Motorola EP450,C-004,dia,250,MXN,Comunicación,True,"Dispositivos portátiles de comunicación análoga con 16 canales programables, ideales para la coordinación operativa en campo. Su potencia de hasta $4\text{W}$ en UHF o $5\text{W}$ en VHF garantiza un alcance de 1 a 5 km, mientras que su batería de larga duración cubre jornadas completas, asegurando el enlace en zonas sin cobertura celular.",True,todos,https://medioangular.com/cotizador/img/radioep450.jpeg,65,40
Accesorio para Radio,C-005,dia,80,MXN,Comunicación,True,,True,todos,https://medioangular.com/cotizador/img/HANDMIC.jpeg,65,50
Estructura MK · 3 m,R-001,dia,750,MXN,Rigging,True,,True,todos,https://medioangular.com/cotizador/img/trussmk.jpeg,70,10
Estructura MK · 2 m,R-002,dia,600,MXN,Rigging,True,,True,todos,https://medioangular.com/cotizador/img/trussmk.jpeg,70,20
Estructura MK · 1.5 m,R-003,dia,450,MXN,Rigging,True,,True,todos,https://medioangular.com/cotizador/img/trussmk.jpeg,70,30
Estructura MK · 1 m,R-004,dia,350,MXN,Rigging,True,,True,todos,https://medioangular.com/cotizador/img/trussmk.jpeg,70,40
Cubo 4 Vías,R-005,dia,800,MXN,Rigging,True,,True,todos,https://medioangular.com/cotizador/img/cubo.jpeg,70,50
Motor CM 1/2 Tonelada,R-006,dia,1000,MXN,Rigging,True,"Motor CM Lodestar 1/2 Ton (500 kg). El estándar en rigging: trifásico, velocidad 16/32 fpm, carcasa mate stealth y doble freno de disco. Ideal para audio, truss y pantallas.",True,todos,https://medioangular.com/cotizador/img/MOTORCM.jpeg,70,60
Controlador de Motores,R-007,dia,1750,MXN,Rigging,True,"Sistema de control manual para polispastos eléctricos de cadena, diseñado específicamente para giras, eventos corporativos y aplicaciones teatrales que exigen máxima fiabilidad y control centralizado de múltiples puntos de colgado.",True,todos,https://medioangular.com/cotizador/img/CONTROLADORDEMOTORES.jpeg,70,70
Placa para Truss,R-008,dia,150,MXN,Rigging,True,Placa para colocar truss a piso,True,todos,https://medioangular.com/cotizador/img/PLACA.jpeg,70,80
Hamburguesa para Truss,R-009,dia,50,MXN,Rigging,True,Sistema de sujeción para truss o tubo,True,todos,https://medioangular.com/cotizador/img/HAMBURGUESA.jpeg,70,90
Hamburguesa Doble para Truss,R-010,dia,100,MXN,Rigging,True,Sistema de sujeción para truss o tubo,True,todos,https://medioangular.com/cotizador/img/HAMBURGUESADOBLE.jpeg,70,100
Tubo para Truss,R-011,dia,50,MXN,Rigging,True,Tubo para diseño de Rigging,True,todos,https://medioangular.com/cotizador/img/tubo.jpeg,70,110
Centro de Carga,E-001,dia,1500,MXN,Energía,True,Centro de carga de 220v y 630 amperes.,True,todos,https://medioangular.com/cotizador/img/CENTRODECARGA.jpeg,75,10
Centro de Carga Motion Labs,E-002,dia,800,MXN,Energía,True,Centro de carga de 110v y 90 amperes,True,todos,https://medioangular.com/cotizador/img/RACKPACK.jpeg,75,20
Feeder · 25 m,E-003,dia,1000,MXN,Energía,True,,True,todos,https://medioangular.com/cotizador/img/feeder.jpeg,75,30
Yellow Jackets,E-004,dia,200,MXN,Energía,True,"Protege el cableado grueso y crítico (como los cables de fuerza tipo Cam-Lok que van de la planta de luz al centro de carga, mangueras de audio/Snaques o cables de fibra óptica) del aplastamiento provocado por el paso de vehículos pesados y el tránsito peatonal.",True,todos,https://medioangular.com/cotizador/img/yellowwjacket.jpeg,75,40
Deck de Escenario · m²,D-001,dia,500,MXN,Escenarios,True,Deck de escenario de aluminio,True,corporativo,https://medioangular.com/cotizador/img/Deckescenario.jpeg,80,10
Pipe & Drape · Metro Lineal,D-002,dia,450,MXN,Escenografía,True,Telones negros,True,corporativo,https://medioangular.com/cotizador/img/pipeanddrape.jpeg,85,10
Ingeniero de Audio,P-001,dia,3500,MXN,Personal,False,,True,todos,https://medioangular.com/cotizador/img/staff.jpeg,150,10
Operador de Audio,P-002,dia,2500,MXN,Personal,False,,True,todos,https://medioangular.com/cotizador/img/staff.jpeg,150,20
Técnico de Audio,P-003,dia,1500,MXN,Personal,False,,True,todos,https://medioangular.com/cotizador/img/staff.jpeg,150,30
Ingeniero de Iluminación,P-004,dia,3500,MXN,Personal,False,,True,todos,https://medioangular.com/cotizador/img/staff.jpeg,150,40
Operador de Iluminación,P-005,dia,2500,MXN,Personal,False,,True,todos,https://medioangular.com/cotizador/img/staff.jpeg,150,50
Técnico de Iluminación,P-006,dia,1500,MXN,Personal,False,,True,todos,https://medioangular.com/cotizador/img/staff.jpeg,150,60
Operador de Switcher,P-007,dia,2500,MXN,Personal,False,,True,todos,https://medioangular.com/cotizador/img/staff.jpeg,150,70
Operador de Mapping,P-008,dia,3000,MXN,Personal,False,,True,todos,https://medioangular.com/cotizador/img/staff.jpeg,150,80
Operador de Streaming,P-009,dia,2500,MXN,Personal,False,,True,todos,https://medioangular.com/cotizador/img/staff.jpeg,150,90
Operador de Video,P-010,dia,2500,MXN,Personal,False,,True,todos,https://medioangular.com/cotizador/img/staff.jpeg,150,100
Técnico de Video,P-011,dia,1500,MXN,Personal,False,,True,todos,https://medioangular.com/cotizador/img/staff.jpeg,150,110
Camarógrafo,P-012,dia,2500,MXN,Personal,False,,True,todos,https://medioangular.com/cotizador/img/staff.jpeg,150,120
Head Rigger,P-013,dia,2500,MXN,Personal,False,.,True,todos,https://medioangular.com/cotizador/img/staff.jpeg,150,130
Ground Rigger,P-014,dia,2000,MXN,Personal,False,,True,todos,https://medioangular.com/cotizador/img/staff.jpeg,150,140
Viáticos,O-001,dia,550,MXN,Otros,True,Gastos de alimentos del staff. (Pueden variar dependiendo de la ubicación del evento),True,todos,https://medioangular.com/cotizador/img/viaticos.jpeg,160,10
Hospedaje,O-010,dia,1100,MXN,Otros,True,Hospedaje cuarto doble (Pueden variar dependiendo de la ubicación del evento),True,todos,https://medioangular.com/cotizador/img/hospedaje.jpeg,170,10
Flete 1.5 Ton · CDMX,O-002,dia,4500,MXN,Fletes,True,Van de carga pesada ideal para logística urbana y foránea. Ofrece un volumen de 11.5 a 13 m³ y soporta hasta 1.8 Ton. Su piso bajo agiliza la carga manual sin rampas. Cuenta con anillos de sujeción para estabilizar la carga,True,todos,https://medioangular.com/cotizador/img/ram2500.jpeg,190,10
Flete 3.5 Ton · CDMX,O-003,dia,6500,MXN,Fletes,True,Camión chasis-cabina ideal para logística urbana y distribución local. Su diseño compacto cab-over maximiza la maniobrabilidad en calles estrechas y andenes reducidos. Cuenta con una capacidad de carga útil de 3.5 toneladas y está equipado con una caja seca de 5.00 x 2.40 metros optimizada para la estiba modular.,True,todos,https://medioangular.com/cotizador/img/flete3500.jpeg,190,20
Flete 1.5 Ton · Morelos,O-004,dia,9000,MXN,Fletes,True,Van de carga pesada ideal para logística urbana y foránea. Ofrece un volumen de 11.5 a 13 m³ y soporta hasta 1.8 Ton. Su piso bajo agiliza la carga manual sin rampas. Cuenta con anillos de sujeción para estabilizar la carga,True,todos,https://medioangular.com/cotizador/img/ram2500.jpeg,190,30
Flete 3.5 Ton · Morelos,O-005,dia,13000,MXN,Fletes,True,Camión chasis-cabina ideal para logística urbana y distribución local. Su diseño compacto cab-over maximiza la maniobrabilidad en calles estrechas y andenes reducidos. Cuenta con una capacidad de carga útil de 3.5 toneladas y está equipado con una caja seca de 5.00 x 2.40 metros optimizada para la estiba modular.,True,todos,https://medioangular.com/cotizador/img/flete3500.jpeg,190,40
Flete 1.5 Ton · Valle de Bravo,O-006,dia,15000,MXN,Fletes,True,Van de carga pesada ideal para logística urbana y foránea. Ofrece un volumen de 11.5 a 13 m³ y soporta hasta 1.8 Ton. Su piso bajo agiliza la carga manual sin rampas. Cuenta con anillos de sujeción para estabilizar la carga,True,todos,https://medioangular.com/cotizador/img/ram2500.jpeg,190,50
Flete 3.5 Ton · Valle de Bravo,O-007,dia,20000,MXN,Fletes,True,Camión chasis-cabina ideal para logística urbana y distribución local. Su diseño compacto cab-over maximiza la maniobrabilidad en calles estrechas y andenes reducidos. Cuenta con una capacidad de carga útil de 3.5 toneladas y está equipado con una caja seca de 5.00 x 2.40 metros optimizada para la estiba modular.,True,todos,https://medioangular.com/cotizador/img/flete3500.jpeg,190,60
Flete 1.5 Ton · Querétaro,O-008,dia,18000,MXN,Fletes,True,Van de carga pesada ideal para logística urbana y foránea. Ofrece un volumen de 11.5 a 13 m³ y soporta hasta 1.8 Ton. Su piso bajo agiliza la carga manual sin rampas. Cuenta con anillos de sujeción para estabilizar la carga,True,todos,https://medioangular.com/cotizador/img/ram2500.jpeg,190,70
Flete 3.5 Ton · Querétaro,O-009,dia,25000,MXN,Fletes,True,Camión chasis-cabina ideal para logística urbana y distribución local. Su diseño compacto cab-over maximiza la maniobrabilidad en calles estrechas y andenes reducidos. Cuenta con una capacidad de carga útil de 3.5 toneladas y está equipado con una caja seca de 5.00 x 2.40 metros optimizada para la estiba modular.,True,todos,https://medioangular.com/cotizador/img/flete3500.jpeg,190,80